{
  "btc": 1,
  "eth": 0.05235327993298781,
  "ltc": 0.0011182942880882648,
  "bch": 0.005978572795102353,
  "bnb": 0.00897512991500552,
  "eos": 0.0000084961217880316,
  "xrp": 0.000007606758690292022,
  "xlm": 0.0000013932575951445441,
  "link": 0.0002086454756584799,
  "dot": 0.00008966934697311704
}