{
  "btc": 1,
  "eth": 0.05284015852047556,
  "ltc": 0.0011808550335126657,
  "bch": 0.006711184188450052,
  "bnb": 0.009081909743980964,
  "eos": 0.000010322603980906032,
  "xrp": 0.000007238899186102332,
  "xlm": 0.00000146256928194345,
  "link": 0.00023081947839414271,
  "dot": 0.00009513553912691643
}